date,compra,venta,entries,mean_compra,median_compra,mean_venta,median_venta
2021-07-01,164.0,169.0,1,,,,
2021-07-02,165.0,170.0,1,,,,
2021-07-03,165.33333333333334,170.33333333333334,0,,,,
2021-07-04,165.66666666666666,170.66666666666666,0,,,,
2021-07-05,166.0,171.0,1,,,,
2021-07-06,166.0,171.0,1,,,,
2021-07-07,167.0,172.0,1,165.57142857142858,165.66666666666666,170.57142857142858,170.66666666666666
2021-07-08,169.0,174.0,1,166.0,165.83333333333331,171.0,170.83333333333331
2021-07-09,169.75,174.75,0,166.41666666666666,166.0,171.41666666666666,171.0
2021-07-10,170.5,175.5,0,166.825,166.0,171.825,171.0
2021-07-11,171.25,176.25,0,167.22727272727272,166.0,172.22727272727272,171.0
2021-07-12,172.0,177.0,1,167.625,166.5,172.625,171.5
2021-07-13,171.0,176.0,1,167.8846153846154,167.0,172.8846153846154,172.0
2021-07-14,172.0,177.0,1,168.17857142857142,168.0,173.17857142857142,173.0
2021-07-15,173.0,178.0,1,168.5,169.0,173.5,174.0
2021-07-16,174.0,179.0,1,168.84375,169.375,173.84375,174.375
2021-07-17,174.33333333333334,179.33333333333334,0,169.16666666666669,169.75,174.16666666666669,174.75
2021-07-18,174.66666666666666,179.66666666666666,0,169.47222222222223,170.125,174.47222222222223,175.125
2021-07-19,175.0,180.0,1,169.76315789473685,170.5,174.76315789473685,175.5
2021-07-20,177.0,182.0,1,170.125,170.75,175.125,175.75
2021-07-21,177.5,182.5,1,170.47619047619048,171.0,175.47619047619048,176.0
2021-07-22,179.5,184.5,1,170.88636363636363,171.125,175.88636363636363,176.125
2021-07-23,179.75,184.75,1,171.27173913043478,171.25,176.27173913043478,176.25
2021-07-24,179.66666666666666,184.66666666666666,0,171.6215277777778,171.625,176.6215277777778,176.625
2021-07-25,179.58333333333334,184.58333333333334,0,171.94,172.0,176.94,177.0
2021-07-26,179.5,184.5,1,172.23076923076923,172.0,177.23076923076923,177.0
2021-07-27,178.0,183.0,1,172.44444444444446,172.0,177.44444444444446,177.0
2021-07-28,175.0,180.0,1,172.53571428571428,172.5,177.53571428571428,177.5
2021-07-29,175.0,180.0,1,172.6206896551724,173.0,177.6206896551724,178.0
2021-07-30,175.5,180.5,1,172.71666666666667,173.5,177.71666666666667,178.5
2021-07-31,175.5,180.5,0,173.1,174.16666666666669,178.1,179.16666666666669
2021-08-01,175.5,180.5,0,173.45,174.5,178.45,179.5
2021-08-02,175.5,180.5,1,173.7888888888889,174.83333333333331,178.7888888888889,179.83333333333331
2021-08-03,175.5,180.5,1,174.11666666666667,175.0,179.11666666666667,180.0
2021-08-04,175.5,180.5,1,174.43333333333334,175.0,179.43333333333334,180.0
2021-08-05,175.17,180.17,1,174.739,175.08499999999998,179.739,180.08499999999998
2021-08-06,173.5,178.5,1,174.95566666666667,175.08499999999998,179.95566666666667,180.08499999999998
2021-08-07,173.66666666666666,178.66666666666666,0,175.11122222222224,175.08499999999998,180.11122222222224,180.08499999999998
2021-08-08,173.83333333333334,178.83333333333334,0,175.24733333333333,175.08499999999998,180.24733333333333,180.08499999999998
2021-08-09,174.0,179.0,1,175.364,175.08499999999998,180.364,180.08499999999998
2021-08-10,173.0,178.0,1,175.42233333333334,175.08499999999998,180.42233333333334,180.08499999999998
2021-08-11,173.0,178.0,1,175.45566666666667,175.08499999999998,180.45566666666667,180.08499999999998
2021-08-12,173.5,178.5,1,175.53900000000002,175.08499999999998,180.53900000000002,180.08499999999998
2021-08-13,177.0,182.0,1,175.70566666666667,175.33499999999998,180.70566666666667,180.33499999999998
2021-08-14,177.25,182.25,0,175.84733333333332,175.5,180.84733333333332,180.5
2021-08-15,177.5,182.5,0,175.964,175.5,180.964,180.5
2021-08-16,177.75,182.75,0,176.0778888888889,175.5,181.0778888888889,180.5
2021-08-17,178.0,183.0,1,176.189,175.5,181.189,180.5
2021-08-18,177.0,182.0,1,176.25566666666666,175.5,181.25566666666666,180.5
2021-08-19,176.5,181.5,1,176.239,175.5,181.239,180.5
2021-08-20,177.0,182.0,1,176.22233333333332,175.5,181.22233333333332,180.5
2021-08-21,177.0,182.0,0,176.139,175.5,181.139,180.5
2021-08-22,177.0,182.0,0,176.04733333333334,175.5,181.04733333333334,180.5
2021-08-23,177.0,182.0,1,175.95844444444444,175.5,180.95844444444444,180.5
2021-08-24,177.0,182.0,1,175.87233333333333,175.5,180.87233333333333,180.5
2021-08-25,176.5,181.5,1,175.77233333333334,175.5,180.77233333333334,180.5
2021-08-26,176.5,181.5,1,175.72233333333332,175.5,180.72233333333332,180.5
2021-08-27,177.0,182.0,1,175.78900000000002,176.0,180.78900000000002,181.0
2021-08-28,177.0,182.0,0,175.85566666666668,176.5,180.85566666666668,181.5
2021-08-29,177.0,182.0,0,175.90566666666666,176.5,180.90566666666666,181.5
2021-08-30,177.0,182.0,1,175.95566666666667,176.75,180.95566666666667,181.75
2021-08-31,176.64,181.64,1,175.99366666666668,176.82,180.99366666666668,181.82
2021-09-01,175.5,180.5,1,175.99366666666668,176.82,180.99366666666668,181.82
2021-09-02,176.0,181.0,1,176.01033333333334,176.82,181.01033333333334,181.82
2021-09-03,177.0,182.0,1,176.06033333333335,177.0,181.06033333333335,182.0
2021-09-04,177.33333333333334,182.0,0,176.13244444444445,177.0,181.12133333333335,182.0
2021-09-05,177.66666666666666,182.0,0,176.27133333333333,177.0,181.238,182.0
2021-09-06,178.0,182.0,1,176.41577777777778,177.0,181.3491111111111,182.0
2021-09-07,179.5,183.5,1,176.60466666666667,177.0,181.50466666666668,182.0
2021-09-08,183.0,187.0,1,176.90466666666669,177.0,181.77133333333333,182.0
2021-09-09,182.5,186.5,1,177.22133333333335,177.0,182.0546666666667,182.0
2021-09-10,181.0,185.0,1,177.488,177.0,182.288,182.0
2021-09-11,179.66666666666666,183.66666666666666,0,177.69355555555555,177.0,182.4602222222222,182.0
2021-09-12,178.33333333333334,182.33333333333334,0,177.738,177.0,182.47133333333335,182.0
2021-09-13,177.0,181.0,1,177.72966666666667,177.0,182.4296666666667,182.0
2021-09-14,178.5,182.5,1,177.763,177.0,182.4296666666667,182.0
2021-09-15,181.0,185.0,1,177.87133333333335,177.0,182.50466666666668,182.0
2021-09-16,182.0,186.0,1,178.00466666666668,177.0,182.60466666666667,182.0
2021-09-17,181.0,185.0,1,178.138,177.0,182.70466666666667,182.0
2021-09-18,180.66666666666666,184.66666666666666,0,178.2768888888889,177.0,182.81022222222222,182.0
2021-09-19,180.33333333333334,184.33333333333334,0,178.388,177.16666666666669,182.888,182.0
2021-09-20,180.0,184.0,1,178.488,177.5,182.95466666666667,182.0
2021-09-21,180.0,184.0,1,178.58800000000002,177.83333333333331,183.02133333333333,182.0
2021-09-22,181.0,185.0,1,178.72133333333335,178.16666666666669,183.12133333333335,182.16666666666669
2021-09-23,181.0,185.0,1,178.85466666666667,178.41666666666669,183.22133333333335,182.41666666666669
2021-09-24,182.0,186.0,1,179.038,179.0,183.37133333333335,183.0
2021-09-25,182.16666666666666,186.16666666666666,0,179.22688888888888,179.58333333333331,183.5268888888889,183.58333333333331
2021-09-26,182.33333333333334,186.33333333333334,0,179.40466666666669,179.83333333333331,183.67133333333334,183.83333333333331
2021-09-27,182.5,186.5,1,179.58800000000002,180.0,183.82133333333334,184.0
2021-09-28,183.0,187.0,1,179.788,180.16666666666669,183.988,184.16666666666669
2021-09-29,183.0,187.0,1,179.988,180.5,184.15466666666669,184.5
2021-09-30,182.0,186.0,1,180.16666666666666,180.83333333333331,184.3,184.83333333333331
2021-10-01,182.0,186.0,1,180.38333333333333,181.0,184.48333333333332,185.0
2021-10-02,181.66666666666666,185.66666666666666,0,180.5722222222222,181.0,184.63888888888886,185.0
2021-10-03,181.33333333333334,185.33333333333334,0,180.71666666666667,181.0,184.75,185.0
2021-10-04,181.0,185.0,1,180.8388888888889,181.0,184.85,185.0
2021-10-05,181.0,185.0,1,180.95,181.0,184.95,185.0
2021-10-06,181.5,185.5,1,181.06666666666666,181.0,185.06666666666666,185.0
2021-10-07,180.5,184.5,1,181.1,181.0,185.1,185.0
2021-10-08,180.6,184.6,0,181.01999999999998,181.0,185.01999999999998,185.0
2021-10-09,180.7,184.7,0,180.95999999999998,181.0,184.95999999999998,185.0
2021-10-10,180.8,184.8,0,180.95333333333332,181.0,184.95333333333332,185.0
2021-10-11,180.9,184.9,0,180.99444444444447,181.0,184.99444444444447,185.0
2021-10-12,181.0,185.0,1,181.08333333333334,181.0,185.08333333333334,185.0
2021-10-13,181.0,185.0,1,181.21666666666667,181.0,185.21666666666667,185.0
2021-10-14,181.5,185.5,1,181.31666666666666,181.0,185.31666666666666,185.0
2021-10-15,182.5,186.5,1,181.36666666666667,181.0,185.36666666666667,185.0
2021-10-16,182.16666666666666,186.16666666666666,0,181.3722222222222,181.0,185.3722222222222,185.0
2021-10-17,181.83333333333334,185.83333333333334,0,181.4,181.16666666666669,185.4,185.16666666666669
2021-10-18,181.5,185.5,1,181.4277777777778,181.41666666666669,185.4277777777778,185.41666666666669
2021-10-19,183.0,187.0,1,181.51666666666668,181.5,185.51666666666668,185.5
2021-10-20,184.0,188.0,1,181.65,181.5,185.65,185.5
2021-10-21,187.0,191.0,1,181.88333333333333,181.58333333333331,185.88333333333333,185.58333333333331
2021-10-22,191.0,195.0,1,182.21666666666667,181.75,186.21666666666667,185.75
2021-10-23,190.66666666666666,194.66666666666666,0,182.53888888888886,181.91666666666669,186.53888888888886,185.91666666666669
2021-10-24,190.33333333333334,194.33333333333334,0,182.81666666666666,181.91666666666669,186.81666666666666,185.91666666666669
2021-10-25,190.0,194.0,1,183.0777777777778,181.91666666666669,187.0777777777778,185.91666666666669
2021-10-26,192.0,196.0,1,183.4,181.91666666666669,187.4,185.91666666666669
2021-10-27,193.0,197.0,1,183.75,181.91666666666669,187.75,185.91666666666669
2021-10-28,194.0,198.0,1,184.11666666666667,181.91666666666669,188.11666666666667,185.91666666666669
2021-10-29,193.5,197.5,1,184.46666666666667,181.91666666666669,188.46666666666667,185.91666666666669
2021-10-30,193.16666666666666,197.16666666666666,0,184.83888888888887,181.91666666666669,188.83888888888887,185.91666666666669
2021-10-31,192.83333333333334,196.83333333333334,0,185.2,182.0,189.2,186.0
2021-11-01,192.5,196.5,1,185.56111111111113,182.33333333333331,189.56111111111113,186.33333333333331
2021-11-02,193.5,197.5,1,185.96666666666667,182.75,189.96666666666667,186.75
2021-11-03,195.0,199.0,1,186.43333333333334,183.5,190.43333333333334,187.5
2021-11-04,195.0,199.0,1,186.9,185.5,190.9,189.5
2021-11-05,195.0,199.0,1,187.35,188.5,191.35,192.5
2021-11-06,195.0,199.0,0,187.83333333333334,190.16666666666669,191.83333333333334,194.16666666666669
2021-11-07,195.0,199.0,0,188.31333333333336,190.5,192.31333333333336,194.5
2021-11-08,195.0,199.0,1,188.79000000000002,190.83333333333331,192.79000000000002,194.83333333333331
2021-11-09,195.5,199.5,1,189.28000000000003,191.5,193.28000000000003,195.5
2021-11-10,201.0,205.0,1,189.95,192.25,193.95,196.25
2021-11-11,202.5,206.5,1,190.66666666666666,192.66666666666669,194.66666666666666,196.66666666666669
2021-11-12,196.0,200.0,1,191.16666666666666,192.91666666666669,195.16666666666666,196.91666666666669
2021-11-13,195.83333333333334,199.83333333333334,0,191.64444444444445,193.08333333333331,195.64444444444445,197.08333333333331
2021-11-14,195.66666666666666,199.66666666666666,0,192.08333333333334,193.33333333333331,196.08333333333334,197.33333333333331
2021-11-15,195.5,199.5,1,192.5277777777778,193.5,196.5277777777778,197.5
2021-11-16,196.5,200.5,1,193.01666666666668,193.75,197.01666666666668,197.75
2021-11-17,197.5,201.5,1,193.55,194.5,197.55,198.5
2021-11-18,197.0,201.0,1,194.01666666666668,195.0,198.01666666666668,199.0
2021-11-19,197.5,201.5,1,194.46666666666667,195.0,198.46666666666667,199.0
2021-11-20,197.375,201.375,0,194.8125,195.0,198.8125,199.0
2021-11-21,197.25,201.25,0,195.02083333333334,195.0,199.02083333333334,199.0
2021-11-22,197.125,201.125,0,195.23611111111114,195.0,199.23611111111114,199.0
2021-11-23,197.0,201.0,1,195.45833333333334,195.25,199.45833333333334,199.25
2021-11-24,196.5,200.5,1,195.675,195.5,199.675,199.5
2021-11-25,197.0,201.0,1,195.84166666666667,195.58333333333331,199.84166666666667,199.58333333333331
2021-11-26,197.0,201.0,1,195.975,195.75,199.975,199.75
2021-11-27,197.0,201.0,0,196.075,195.91666666666669,200.075,199.91666666666669
2021-11-28,197.0,201.0,0,196.19166666666666,196.25,200.19166666666666,200.25
2021-11-29,197.0,201.0,1,196.31944444444446,196.5,200.31944444444446,200.5
2021-11-30,197.5,201.5,1,196.475,196.75,200.475,200.75
2021-12-01,196.5,200.5,1,196.60833333333332,196.75,200.60833333333332,200.75
2021-12-02,196.5,200.5,1,196.70833333333334,196.75,200.70833333333334,200.75
2021-12-03,196.5,200.5,1,196.75833333333333,196.75,200.75833333333333,200.75
2021-12-04,196.0,200.0,0,196.79166666666666,196.75,200.79166666666666,200.75
2021-12-05,195.5,199.5,0,196.80833333333334,196.75,200.80833333333334,200.75
2021-12-06,195.0,199.0,1,196.80833333333334,196.75,200.80833333333334,200.75
2021-12-07,194.0,198.0,1,196.775,196.75,200.775,200.75
2021-12-08,193.0,197.0,0,196.70833333333334,196.75,200.70833333333334,200.75
2021-12-09,192.0,196.0,1,196.59166666666667,196.75,200.59166666666667,200.75
2021-12-10,192.5,196.5,1,196.30833333333334,196.5,200.30833333333334,200.5
2021-12-11,192.16666666666666,196.16666666666666,0,195.96388888888887,196.5,199.96388888888887,200.5
2021-12-12,191.83333333333334,195.83333333333334,0,195.825,196.5,199.825,200.5
2021-12-13,191.5,195.5,1,195.68055555555557,196.5,199.68055555555557,200.5
2021-12-14,192.5,196.5,1,195.575,196.5,199.575,200.5
2021-12-15,194.5,198.5,1,195.54166666666666,196.5,199.54166666666666,200.5
2021-12-16,194.5,198.5,1,195.475,196.5,199.475,200.5
2021-12-17,196.0,200.0,1,195.425,196.5,199.425,200.5
2021-12-18,196.0,200.0,0,195.39166666666668,196.25,199.39166666666668,200.25
2021-12-19,196.0,200.0,0,195.34166666666667,196.0,199.34166666666667,200.0
2021-12-20,196.0,200.0,1,195.29583333333332,196.0,199.29583333333332,200.0
2021-12-21,195.0,199.0,1,195.22083333333333,196.0,199.22083333333333,200.0
2021-12-22,196.5,200.5,1,195.2,196.0,199.2,200.0
2021-12-23,200.0,204.0,1,195.3,196.0,199.3,200.0
2021-12-24,199.875,203.875,0,195.4125,196.0,199.4125,200.0
2021-12-25,199.75,203.75,0,195.50416666666666,196.0,199.50416666666666,200.0
2021-12-26,199.625,203.625,0,195.59166666666667,196.0,199.59166666666667,200.0
2021-12-27,199.5,203.5,1,195.675,196.0,199.675,200.0
2021-12-28,202.0,206.0,1,195.84166666666667,196.0,199.84166666666667,200.0
2021-12-29,205.0,209.0,1,196.10833333333332,196.0,200.10833333333332,200.0
2021-12-30,204.0,208.0,1,196.325,196.0,200.325,200.0
2021-12-31,203.5,207.5,0,196.55833333333334,196.0,200.55833333333334,200.0
2022-01-01,203.0,207.0,0,196.775,196.0,200.775,200.0
2022-01-02,202.5,206.5,0,196.975,196.0,200.975,200.0
2022-01-03,202.0,206.0,1,197.175,196.0,201.175,200.0
2022-01-04,202.5,206.5,1,197.40833333333333,196.0,201.40833333333333,200.0
2022-01-05,203.5,207.5,1,197.69166666666666,196.25,201.69166666666666,200.25
2022-01-06,204.5,208.5,1,198.04166666666666,198.0,202.04166666666666,202.0
2022-01-07,204.0,208.0,1,198.40833333333333,199.5625,202.40833333333333,203.5625
2022-01-08,203.33333333333334,207.33333333333334,0,198.7861111111111,199.6875,202.7861111111111,203.6875
2022-01-09,202.66666666666666,206.66666666666666,0,199.125,199.8125,203.125,203.8125
2022-01-10,202.0,206.0,1,199.4527777777778,199.9375,203.4527777777778,203.9375
2022-01-11,205.0,209.0,1,199.89166666666668,201.0,203.89166666666668,205.0
2022-01-12,204.5,208.5,1,200.325,202.0,204.325,206.0
2022-01-13,205.5,209.5,1,200.75833333333333,202.0,204.75833333333333,206.0
2022-01-14,205.5,209.5,1,201.125,202.25,205.125,206.25
2022-01-15,205.33333333333334,209.33333333333334,0,201.48611111111111,202.5,205.48611111111111,206.5
2022-01-16,205.16666666666666,209.16666666666666,0,201.79166666666666,202.58333333333331,205.79166666666666,206.58333333333331
2022-01-17,205.0,209.0,1,202.09166666666667,202.83333333333331,206.09166666666667,206.83333333333331
2022-01-18,207.0,211.0,1,202.45833333333334,203.16666666666669,206.45833333333334,207.16666666666669
2022-01-19,209.0,213.0,1,202.89166666666668,203.41666666666669,206.89166666666668,207.41666666666669
2022-01-20,210.0,214.0,1,203.39166666666668,203.5,207.39166666666668,207.5
2022-01-21,215.0,219.0,1,204.00833333333333,203.75,208.00833333333333,207.75
2022-01-22,215.0,219.0,0,204.50833333333333,204.0,208.50833333333333,208.0
2022-01-23,215.0,219.0,0,205.0125,204.25,209.0125,208.25
2022-01-24,215.0,219.0,1,205.52083333333334,204.5,209.52083333333334,208.5
2022-01-25,215.5,219.5,1,206.05,204.75,210.05,208.75
2022-01-26,217.0,221.0,1,206.63333333333333,205.0,210.63333333333333,209.0
2022-01-27,218.5,222.5,1,207.18333333333334,205.0,211.18333333333334,209.0
2022-01-28,208.5,212.5,1,207.3,205.08333333333331,211.3,209.08333333333331
2022-01-29,208.66666666666666,212.66666666666666,0,207.45555555555555,205.25,211.45555555555555,209.25
2022-01-30,208.83333333333334,212.83333333333334,0,207.63333333333333,205.41666666666669,211.63333333333333,209.41666666666669
2022-01-31,209.0,213.0,1,207.83333333333334,205.5,211.83333333333334,209.5
2022-02-01,210.0,214.0,1,208.08333333333334,206.25,212.08333333333334,210.25
2022-02-02,212.5,216.5,1,208.43333333333334,207.75,212.43333333333334,211.75
2022-02-03,212.0,216.0,1,208.75,208.58333333333331,212.75,212.58333333333331
2022-02-04,210.0,214.0,1,208.96666666666667,208.75,212.96666666666667,212.75
2022-02-05,210.0,214.0,0,209.15,208.91666666666669,213.15,212.91666666666669
2022-02-06,210.0,214.0,0,209.35,209.0,213.35,213.0
2022-02-07,210.0,214.0,1,209.57222222222222,209.5,213.57222222222222,213.5
2022-02-08,211.0,215.0,1,209.85,210.0,213.85,214.0
2022-02-09,213.0,217.0,1,210.21666666666667,210.0,214.21666666666667,214.0
2022-02-10,211.5,215.5,1,210.43333333333334,210.0,214.43333333333334,214.0
2022-02-11,210.5,215.5,1,210.63333333333333,210.0,214.66666666666666,214.0
2022-02-12,210.66666666666666,215.33333333333334,0,210.80555555555554,210.0,214.86111111111111,214.0
2022-02-13,210.83333333333334,215.16666666666666,0,210.98333333333332,210.25,215.05,214.5
2022-02-14,211.0,215.0,1,211.17222222222225,210.58333333333331,215.2388888888889,215.0
2022-02-15,211.0,215.0,1,211.36666666666667,210.75,215.43333333333334,215.0
2022-02-16,211.0,215.0,1,211.56666666666666,210.91666666666669,215.63333333333333,215.0
2022-02-17,210.0,214.0,1,211.66666666666666,210.91666666666669,215.73333333333332,215.0
2022-02-18,207.0,211.0,1,211.6,210.91666666666669,215.66666666666666,215.0
2022-02-19,207.16666666666666,211.16666666666666,0,211.50555555555553,210.91666666666669,215.5722222222222,215.0
2022-02-20,207.33333333333334,211.33333333333334,0,211.25,210.75,215.31666666666666,215.0
2022-02-21,207.5,211.5,1,211.0,210.58333333333331,215.06666666666666,215.0
2022-02-22,206.0,210.0,1,210.7,210.25,214.76666666666668,214.5
2022-02-23,206.0,210.0,1,210.4,210.0,214.46666666666667,214.0
2022-02-24,206.5,210.5,1,210.1,210.0,214.16666666666666,214.0
2022-02-25,207.0,211.0,1,209.76666666666668,210.0,213.83333333333334,214.0
2022-02-26,206.0,210.0,0,209.35,210.0,213.41666666666666,214.0
2022-02-27,205.0,209.0,0,209.23333333333332,210.0,213.3,214.0
2022-02-28,204.0,208.0,0,209.0777777777778,210.0,213.14444444444447,214.0
2022-03-01,203.0,207.0,0,208.88333333333333,210.0,212.95,214.0
2022-03-02,202.0,206.0,1,208.65,210.0,212.71666666666667,214.0
2022-03-03,200.0,204.0,1,208.31666666666666,210.0,212.38333333333333,214.0
2022-03-04,197.0,201.0,1,207.8,208.75,211.86666666666667,212.75
2022-03-05,197.0,201.0,0,207.3,207.41666666666669,211.36666666666667,211.41666666666669
2022-03-06,197.0,201.0,0,206.86666666666667,207.25,210.93333333333334,211.25
2022-03-07,197.0,201.0,1,206.43333333333334,207.08333333333331,210.5,211.08333333333331
2022-03-08,198.0,202.0,1,206.03333333333333,207.0,210.1,211.0
2022-03-09,200.5,204.5,1,205.71666666666667,206.75,209.78333333333333,210.75
2022-03-10,199.0,203.0,1,205.31666666666666,206.25,209.38333333333333,210.25
2022-03-11,198.0,202.0,1,204.81666666666666,206.0,208.88333333333333,210.0
2022-03-12,197.33333333333334,201.33333333333334,0,204.34444444444443,206.0,208.4111111111111,210.0
2022-03-13,196.66666666666666,200.66666666666666,0,203.88333333333333,205.5,207.91666666666666,209.5
2022-03-14,196.0,200.0,1,203.39444444444447,204.5,207.40555555555557,208.5
2022-03-15,196.0,200.0,1,202.9,203.5,206.9,207.5
2022-03-16,198.0,202.0,1,202.46666666666667,202.5,206.46666666666667,206.5
2022-03-17,198.0,202.0,1,202.03333333333333,201.25,206.03333333333333,205.25
2022-03-18,198.5,202.5,1,201.61666666666667,200.25,205.61666666666667,204.25
2022-03-19,198.33333333333334,202.33333333333334,0,201.22777777777776,199.5,205.22777777777776,203.5
2022-03-20,198.16666666666666,202.16666666666666,0,200.93333333333334,198.75,204.93333333333334,202.75
2022-03-21,198.0,202.0,1,200.6277777777778,198.41666666666669,204.6277777777778,202.41666666666669
2022-03-22,197.0,201.0,1,200.28333333333333,198.25,204.28333333333333,202.25
2022-03-23,197.0,201.0,1,199.93333333333334,198.08333333333331,203.93333333333334,202.08333333333331
2022-03-24,197.5,201.5,0,199.65,198.0,203.65,202.0
2022-03-25,198.0,202.0,1,199.38333333333333,198.0,203.38333333333333,202.0
2022-03-26,197.33333333333334,201.33333333333334,0,199.07777777777775,198.0,203.07777777777775,202.0
2022-03-27,196.66666666666666,200.66666666666666,0,198.73333333333332,198.0,202.73333333333332,202.0
2022-03-28,196.0,200.0,1,198.4,198.0,202.4,202.0
2022-03-29,196.0,200.0,1,198.1,197.75,202.1,201.75
2022-03-30,197.0,201.0,1,197.86666666666667,197.41666666666669,201.86666666666667,201.41666666666669
2022-03-31,196.0,200.0,1,197.63333333333333,197.33333333333334,201.63333333333333,201.33333333333334
2022-04-01,196.0,200.0,1,197.43333333333334,197.16666666666669,201.43333333333334,201.16666666666669
2022-04-02,195.66666666666666,199.66666666666666,0,197.28888888888886,197.0,201.28888888888886,201.0
2022-04-03,195.33333333333334,199.33333333333334,0,197.23333333333332,197.0,201.23333333333332,201.0
2022-04-04,195.0,199.0,1,197.16666666666666,197.0,201.16666666666666,201.0
2022-04-05,192.0,196.0,1,197.0,197.0,201.0,201.0
2022-04-06,192.0,196.0,1,196.83333333333334,197.0,200.83333333333334,201.0
2022-04-07,192.0,196.0,1,196.63333333333333,197.0,200.63333333333333,201.0
2022-04-08,192.5,196.5,1,196.36666666666667,196.83333333333331,200.36666666666667,200.83333333333331
2022-04-09,192.0,196.0,0,196.13333333333333,196.66666666666666,200.13333333333333,200.66666666666666
2022-04-10,191.5,195.5,0,195.91666666666666,196.33333333333331,199.91666666666666,200.33333333333331
2022-04-11,191.0,195.0,1,195.70555555555558,196.0,199.70555555555558,200.0
2022-04-12,191.0,195.0,1,195.51666666666668,196.0,199.51666666666668,200.0
2022-04-13,191.0,195.0,1,195.35,196.0,199.35,200.0
2022-04-14,191.0,195.0,0,195.18333333333334,196.0,199.18333333333334,200.0
2022-04-15,191.0,195.0,0,194.95,196.0,198.95,200.0
2022-04-16,191.0,195.0,0,194.71666666666667,195.83333333333331,198.71666666666667,199.83333333333331
2022-04-17,191.0,195.0,0,194.46666666666667,195.5,198.46666666666667,199.5
2022-04-18,191.0,195.0,1,194.22222222222223,195.16666666666669,198.22222222222223,199.16666666666669
2022-04-19,194.0,198.0,1,194.08333333333334,194.5,198.08333333333334,198.5
2022-04-20,195.5,199.5,1,194.0,194.5,198.0,198.5
2022-04-21,198.0,202.0,1,194.03333333333333,194.5,198.03333333333333,198.5
2022-04-22,199.0,203.0,1,194.1,194.5,198.1,198.5
2022-04-23,199.83333333333334,203.83333333333334,0,194.17777777777778,194.5,198.17777777777778,198.5
2022-04-24,200.66666666666666,204.66666666666666,0,194.26666666666668,194.5,198.26666666666668,198.5
2022-04-25,201.5,205.5,1,194.40555555555557,194.5,198.40555555555557,198.5
2022-04-26,208.5,212.5,1,194.8,194.5,198.8,198.5
2022-04-27,202.5,206.5,1,195.01666666666668,194.5,199.01666666666668,198.5
2022-04-28,200.0,204.0,1,195.15,194.5,199.15,198.5
2022-04-29,196.5,200.5,1,195.13333333333333,194.5,199.13333333333333,198.5
2022-04-30,196.66666666666666,200.66666666666666,0,195.15555555555554,194.5,199.15555555555554,198.5
2022-05-01,196.83333333333334,200.83333333333334,0,195.18333333333334,194.5,199.18333333333334,198.5
2022-05-02,197.0,201.0,1,195.2277777777778,194.5,199.2277777777778,198.5
2022-05-03,199.5,203.5,1,195.36666666666667,194.5,199.36666666666667,198.5
2022-05-04,197.0,201.0,1,195.43333333333334,194.75,199.43333333333334,198.75
2022-05-05,197.5,201.5,1,195.61666666666667,196.0,199.61666666666667,200.0
2022-05-06,197.0,201.0,1,195.78333333333333,196.58333333333331,199.78333333333333,200.58333333333331
2022-05-07,197.16666666666666,201.16666666666666,0,195.95555555555555,196.75,199.95555555555555,200.75
2022-05-08,197.33333333333334,201.33333333333334,0,196.11666666666667,196.91666666666669,200.11666666666667,200.91666666666669
2022-05-09,197.5,201.5,1,196.3,197.0,200.3,201.0
2022-05-10,198.0,202.0,1,196.51666666666668,197.0,200.51666666666668,201.0
2022-05-11,201.0,205.0,1,196.85,197.08333333333331,200.85,201.08333333333331
2022-05-12,199.5,203.5,1,197.13333333333333,197.25,201.13333333333333,201.25
2022-05-13,199.5,203.5,1,197.41666666666666,197.41666666666669,201.41666666666666,201.41666666666669
2022-05-14,200.0,204.0,0,197.71666666666667,197.5,201.71666666666667,201.5
2022-05-15,200.5,204.5,0,198.03333333333333,197.75,202.03333333333333,201.75
2022-05-16,201.0,205.0,1,198.36666666666667,198.0,202.36666666666667,202.0
2022-05-17,204.0,208.0,1,198.8,198.5,202.8,202.5
2022-05-18,203.0,207.0,0,199.2,199.25,203.2,203.25
2022-05-19,202.0,206.0,1,199.46666666666667,199.5,203.46666666666667,203.5
2022-05-20,201.0,204.0,1,199.65,199.5,203.61666666666667,203.5
2022-05-21,201.5,204.83333333333334,0,199.76666666666668,199.66666666666669,203.7111111111111,203.66666666666669
2022-05-22,202.0,205.66666666666666,0,199.86666666666667,199.91666666666669,203.8,203.91666666666669
2022-05-23,202.5,206.5,1,199.95555555555558,200.0,203.88888888888889,204.0
2022-05-24,204.0,208.0,1,200.06666666666666,200.0,204.0,204.0
2022-05-25,203.5,207.5,0,200.13333333333333,200.0,204.06666666666666,204.0
2022-05-26,203.0,207.0,1,199.95,200.0,203.88333333333333,204.0
2022-05-27,202.5,206.5,1,199.95,200.0,203.88333333333333,204.0
2022-05-28,202.5,206.5,0,200.03333333333333,200.25,203.96666666666667,204.0
2022-05-29,202.5,206.5,0,200.23333333333332,200.75,204.16666666666666,204.25
2022-05-30,202.5,206.5,1,200.4277777777778,201.0,204.36111111111114,204.66666666666669
2022-05-31,201.0,206.0,1,200.56666666666666,201.0,204.53333333333333,204.91666666666669
2022-06-01,202.0,206.0,1,200.73333333333332,201.0,204.7,205.0
2022-06-02,202.0,206.0,1,200.81666666666666,201.25,204.78333333333333,205.33333333333331
2022-06-03,201.0,205.0,1,200.95,201.25,204.91666666666666,205.33333333333331
2022-06-04,201.0,205.0,0,201.06666666666666,201.25,205.03333333333333,205.33333333333331
2022-06-05,201.0,205.0,0,201.2,201.25,205.16666666666666,205.33333333333331
2022-06-06,201.0,205.0,1,201.3277777777778,201.25,205.29444444444445,205.33333333333331
2022-06-07,202.0,206.0,1,201.48333333333332,201.75,205.45,205.83333333333331
2022-06-08,204.0,208.0,1,201.7,202.0,205.66666666666666,206.0
2022-06-09,204.0,208.0,1,201.9,202.0,205.86666666666667,206.0
2022-06-10,206.0,210.0,1,202.06666666666666,202.0,206.03333333333333,206.0
2022-06-11,208.0,212.0,0,202.35,202.0,206.31666666666666,206.0
2022-06-12,210.0,214.0,0,202.7,202.25,206.66666666666666,206.25
2022-06-13,212.0,216.0,1,203.1,202.5,207.06666666666666,206.5
2022-06-14,220.0,224.0,1,203.75,202.5,207.71666666666667,206.5
2022-06-15,213.0,217.0,1,204.15,202.5,208.11666666666667,206.5
2022-06-16,212.0,216.0,1,204.41666666666666,202.5,208.38333333333333,206.5
2022-06-17,212.8,216.8,0,204.7433333333333,202.5,208.70999999999998,206.5
2022-06-18,213.6,217.6,0,205.13,202.5,209.09666666666666,206.5
2022-06-19,214.4,218.4,0,205.57666666666665,202.75,209.57666666666665,206.75
2022-06-20,215.2,219.2,0,206.03333333333333,203.25,210.05555555555557,207.25
2022-06-21,216.0,220.0,1,206.5,203.75,210.53333333333333,207.75
2022-06-22,220.0,224.0,1,207.08333333333334,204.0,211.11666666666667,208.0
2022-06-23,220.0,224.0,1,207.61666666666667,204.0,211.65,208.0
2022-06-24,222.0,226.0,1,208.23333333333332,205.0,212.26666666666668,209.0
2022-06-25,224.0,228.0,0,208.93333333333334,207.0,212.96666666666667,211.0
2022-06-26,226.0,230.0,0,209.71666666666667,209.0,213.75,213.0
2022-06-27,228.0,232.0,1,210.56666666666666,211.0,214.6,215.0
2022-06-28,235.0,239.0,1,211.65,212.0,215.68333333333334,216.0
2022-06-29,235.0,239.0,1,212.73333333333332,212.4,216.76666666666668,216.4
2022-06-30,234.0,238.0,1,213.83333333333334,212.9,217.83333333333334,216.9
2022-07-01,235.0,239.0,1,214.93333333333334,213.3,218.93333333333334,217.3
2022-07-02,240.0,246.0,0,216.2,214.0,220.26666666666668,218.0
2022-07-03,245.0,253.0,0,217.66666666666666,214.8,221.86666666666667,218.8
2022-07-04,250.0,260.0,1,219.3,215.6,223.7,219.6
2022-07-05,242.0,252.0,1,220.66666666666666,218.0,225.26666666666668,222.0
2022-07-06,245.0,255.0,1,222.13333333333333,220.0,226.93333333333334,224.0
2022-07-07,247.0,257.0,1,223.63333333333333,220.0,228.63333333333333,224.0
2022-07-08,263.0,273.0,1,225.6,221.0,230.8,225.0
2022-07-09,261.3333333333333,271.3333333333333,0,227.5111111111111,223.0,232.9111111111111,227.0
2022-07-10,259.6666666666667,269.6666666666667,0,229.3,225.0,234.9,229.0
2022-07-11,258.0,268.0,1,230.96666666666667,227.0,236.76666666666668,231.0
2022-07-12,262.0,272.0,1,232.7,231.0,238.7,235.0
2022-07-13,273.0,283.0,1,234.73333333333332,234.5,240.93333333333334,238.5
2022-07-14,279.0,289.0,1,236.7,235.0,243.1,239.0
2022-07-15,283.0,293.0,1,239.03333333333333,235.0,245.63333333333333,239.0
2022-07-16,282.3333333333333,292.3333333333333,0,241.37777777777777,237.5,248.17777777777778,242.5
2022-07-17,281.6666666666667,291.6666666666667,0,243.67333333333335,241.0,250.67333333333335,249.0
2022-07-18,281.0,291.0,1,245.92000000000002,243.5,253.12,252.5
2022-07-19,291.0,301.0,1,248.47333333333336,245.0,255.87333333333336,254.0
2022-07-20,307.0,317.0,1,251.53333333333333,246.0,259.1333333333333,256.0
2022-07-21,327.0,337.0,1,255.23333333333332,248.5,263.03333333333336,258.5
2022-07-22,328.0,338.0,1,258.8333333333333,254.0,266.8333333333333,264.0
2022-07-23,322.6666666666667,332.6666666666667,0,262.25555555555553,258.83333333333337,270.4555555555555,268.83333333333337
2022-07-24,317.3333333333333,327.3333333333333,0,265.43333333333334,260.5,273.8333333333333,270.5
2022-07-25,312.0,322.0,1,268.3666666666667,261.66666666666663,276.96666666666664,271.66666666666663
2022-07-26,313.0,323.0,1,271.26666666666665,262.5,280.06666666666666,272.5
2022-07-27,316.0,326.0,1,274.2,268.0,283.2,278.0
2022-07-28,304.0,314.0,1,276.5,276.0,285.7,286.0
2022-07-29,286.0,296.0,1,278.2,280.0,287.6,290.0
2022-07-30,281.3333333333333,291.3333333333333,0,279.7777777777777,281.16666666666663,289.37777777777774,291.16666666666663
2022-07-31,276.6666666666667,286.6666666666667,0,281.1666666666667,281.16666666666663,290.96666666666664,291.16666666666663
2022-08-01,272.0,282.0,1,282.23333333333335,281.16666666666663,292.1666666666667,291.16666666666663
2022-08-02,281.0,291.0,1,283.43333333333334,281.16666666666663,293.43333333333334,291.16666666666663
2022-08-03,288.0,298.0,1,284.7,281.5,294.7,291.5
2022-08-04,281.0,291.0,1,286.0,281.5,296.0,291.5
2022-08-05,283.0,293.0,1,287.26666666666665,282.0,297.26666666666665,292.0
2022-08-06,282.6666666666667,292.6666666666667,0,288.4555555555555,282.5,298.4555555555555,292.5
2022-08-07,282.3333333333333,292.3333333333333,0,289.1,282.5,299.1,292.5
2022-08-08,282.0,292.0,1,289.78888888888895,282.5,299.78888888888895,292.5
2022-08-09,283.0,293.0,1,290.56666666666666,282.83333333333337,300.56666666666666,292.83333333333337
2022-08-10,285.0,295.0,1,291.46666666666664,283.0,301.46666666666664,293.0
2022-08-11,287.0,297.0,1,292.3,283.0,302.3,293.0
2022-08-12,285.0,295.0,1,292.7,284.0,302.7,294.0
2022-08-13,285.25,294.0,0,292.90833333333336,285.0,302.8666666666667,294.5
2022-08-14,285.5,293.0,0,292.9916666666667,285.125,302.8666666666667,294.5
2022-08-15,285.75,292.0,0,293.1055555555556,285.375,302.8555555555556,294.5
2022-08-16,286.0,291.0,1,293.25,285.625,302.8333333333333,294.5
2022-08-17,287.0,292.0,1,293.45,285.875,302.8666666666667,294.5
2022-08-18,288.0,293.0,1,293.35,285.875,302.6,293.5
2022-08-19,290.0,295.0,1,292.78333333333336,285.875,301.8666666666667,293.5
2022-08-20,289.0,294.0,0,291.51666666666665,285.875,300.43333333333334,293.5
2022-08-21,288.0,293.0,0,290.18333333333334,285.875,298.93333333333334,293.0
2022-08-22,287.0,292.0,1,288.99444444444447,285.875,297.5777777777778,293.0
2022-08-23,292.0,297.0,1,288.15,285.875,296.56666666666666,293.0
2022-08-24,290.0,295.0,1,287.4166666666667,285.875,295.6666666666667,293.0
2022-08-25,288.0,293.0,1,286.5833333333333,285.875,294.6666666666667,293.0
2022-08-26,288.0,292.0,1,285.65,285.875,293.53333333333336,293.0
2022-08-27,287.6666666666667,292.0,0,285.10555555555555,285.875,292.8,293.0
2022-08-28,287.3333333333333,292.0,0,285.15,285.875,292.6666666666667,292.83333333333337
2022-08-29,287.0,292.0,1,285.3388888888889,286.5,292.6888888888889,292.83333333333337
2022-08-30,286.0,291.0,1,285.65,286.5,292.8333333333333,292.83333333333337
2022-08-31,285.0,290.0,1,286.0833333333333,286.5,293.1,292.83333333333337
2022-09-01,280.0,285.0,1,286.05,286.5,292.9,292.83333333333337
2022-09-02,280.0,285.0,1,285.78333333333336,286.0,292.46666666666664,292.5
2022-09-03,275.3333333333333,280.0,0,285.5944444444444,286.0,292.1,292.5
2022-09-04,270.6666666666667,275.0,0,285.18333333333334,286.0,291.5,292.16666666666663
2022-09-05,266.0,270.0,1,284.6277777777778,286.0,290.74444444444447,292.0
2022-09-06,272.0,276.0,1,284.28333333333336,286.0,290.2,292.0
2022-09-07,280.0,284.0,1,284.21666666666664,286.0,289.93333333333334,292.0
2022-09-08,276.0,280.0,1,283.98333333333335,286.0,289.5,292.0
2022-09-09,270.0,274.0,1,283.48333333333335,286.0,288.8,292.0
2022-09-10,269.3333333333333,273.3333333333333,0,282.8944444444444,285.875,288.01111111111106,292.0
2022-09-11,268.6666666666667,272.6666666666667,0,282.35,285.875,287.26666666666665,292.0
2022-09-12,268.0,272.0,1,281.775,285.875,286.53333333333336,291.5
2022-09-13,269.0,273.0,1,281.225,285.875,285.8666666666667,291.0
2022-09-14,273.0,277.0,1,280.8,285.5,285.3666666666667,290.5
2022-09-15,272.0,276.0,1,280.3333333333333,282.5,284.8666666666667,287.5
2022-09-16,273.0,277.0,1,279.8666666666667,280.0,284.3666666666667,285.0
2022-09-17,273.0,277.0,0,279.3666666666667,280.0,283.8333333333333,284.5
2022-09-18,273.0,277.0,0,278.8,278.0,283.23333333333335,282.0
2022-09-19,273.0,277.0,1,278.26666666666665,275.66666666666663,282.6666666666667,280.0
2022-09-20,283.0,287.0,1,278.1,275.66666666666663,282.46666666666664,280.0
2022-09-21,283.0,287.0,1,277.96666666666664,275.66666666666663,282.3,280.0
2022-09-22,282.0,286.0,1,277.6333333333333,275.66666666666663,281.93333333333334,280.0
2022-09-23,283.0,287.0,1,277.4,275.66666666666663,281.6666666666667,280.0
2022-09-24,282.6666666666667,286.6666666666667,0,277.22222222222223,275.66666666666663,281.4555555555555,280.0
2022-09-25,282.3333333333333,286.3333333333333,0,277.03333333333336,275.66666666666663,281.26666666666665,280.0
2022-09-26,282.0,286.0,1,276.8444444444445,275.66666666666663,281.06666666666666,280.0
2022-09-27,286.0,290.0,1,276.8,275.66666666666663,281.0,280.0
2022-09-28,286.0,290.0,1,276.76666666666665,275.66666666666663,280.93333333333334,280.0
2022-09-29,284.0,288.0,1,276.7,275.66666666666663,280.8333333333333,280.0
2022-09-30,284.0,288.0,1,276.6666666666667,275.66666666666663,280.76666666666665,280.0
2022-10-01,282.6666666666667,286.6666666666667,0,276.75555555555553,275.66666666666663,280.8222222222222,280.0
2022-10-02,281.3333333333333,285.3333333333333,0,276.8,275.66666666666663,280.8333333333333,280.0
2022-10-03,280.0,284.0,1,276.9555555555555,278.0,280.96666666666664,282.0
2022-10-04,278.0,282.0,1,277.2,279.0,281.2,283.0
2022-10-05,278.0,282.0,1,277.6,279.0,281.6,283.0
2022-10-06,273.0,277.0,1,277.6333333333333,279.0,281.6333333333333,283.0
2022-10-07,273.6,277.6,0,277.42,278.0,281.42,282.0
2022-10-08,274.2,278.2,0,277.36,278.0,281.35999999999996,282.0
2022-10-09,274.8,278.8,0,277.52000000000004,278.0,281.52000000000004,282.0
2022-10-10,275.4,279.4,0,277.72222222222223,278.0,281.72222222222223,282.0
2022-10-11,276.0,280.0,1,277.96666666666664,278.0,281.96666666666664,282.0
2022-10-12,285.0,289.0,1,278.53333333333336,279.0,282.53333333333336,283.0
2022-10-13,287.0,291.0,1,279.1333333333333,280.66666666666663,283.1333333333333,284.66666666666663
2022-10-14,286.0,290.0,1,279.56666666666666,281.66666666666663,283.56666666666666,285.66666666666663
2022-10-15,285.0,289.0,0,280.0,282.0,284.0,286.0
2022-10-16,284.0,288.0,0,280.3666666666667,282.16666666666663,284.3666666666667,286.16666666666663
2022-10-17,283.0,287.0,1,280.7,282.5,284.7,286.5
2022-10-18,286.0,290.0,1,281.1333333333333,282.6666666666667,285.1333333333333,286.6666666666667
2022-10-19,288.0,292.0,1,281.6333333333333,282.83333333333337,285.6333333333333,286.83333333333337
2022-10-20,287.0,291.0,1,281.76666666666665,282.83333333333337,285.76666666666665,286.83333333333337
2022-10-21,287.0,291.0,1,281.9,282.83333333333337,285.9,286.83333333333337
2022-10-22,287.0,291.0,0,282.06666666666666,283.0,286.06666666666666,287.0
2022-10-23,287.0,291.0,0,282.2,283.5,286.2,287.5
2022-10-24,287.0,291.0,1,282.3444444444445,284.0,286.3444444444444,288.0
2022-10-25,289.0,293.0,1,282.56666666666666,284.0,286.56666666666666,288.0
2022-10-26,288.0,292.0,1,282.76666666666665,284.5,286.76666666666665,288.5
2022-10-27,287.0,291.0,1,282.8,284.5,286.8,288.5
2022-10-28,288.0,292.0,1,282.8666666666667,284.5,286.8666666666667,288.5
2022-10-29,287.3333333333333,291.3333333333333,0,282.97777777777776,285.0,286.9777777777778,289.0
2022-10-30,286.6666666666667,290.6666666666667,0,283.06666666666666,285.5,287.06666666666666,289.5
2022-10-31,286.0,290.0,1,283.1777777777778,286.0,287.17777777777775,290.0
2022-11-01,286.0,290.0,1,283.3333333333333,286.0,287.3333333333333,290.0
2022-11-02,287.0,291.0,1,283.56666666666666,286.0,287.56666666666666,290.0
2022-11-03,283.0,287.0,1,283.73333333333335,286.0,287.73333333333335,290.0
2022-11-04,285.0,289.0,1,283.96666666666664,286.0,287.96666666666664,290.0
2022-11-05,285.3333333333333,289.3333333333333,0,284.37777777777774,286.0,288.3777777777778,290.0
2022-11-06,285.6666666666667,289.6666666666667,0,284.78,286.0,288.78,290.0
2022-11-07,286.0,290.0,1,285.17333333333335,286.0,289.1733333333333,290.0
2022-11-08,287.0,291.0,1,285.58,286.33333333333337,289.58,290.33333333333337
2022-11-09,288.0,292.0,1,286.0,286.83333333333337,290.0,290.83333333333337
2022-11-10,288.0,292.0,1,286.4,287.0,290.4,291.0
2022-11-11,289.0,293.0,1,286.53333333333336,287.0,290.53333333333336,291.0
2022-11-12,289.3333333333333,293.3333333333333,0,286.6111111111111,287.0,290.61111111111114,291.0
2022-11-13,289.6666666666667,293.6666666666667,0,286.73333333333335,287.0,290.73333333333335,291.0
2022-11-14,290.0,294.0,1,286.9,287.0,290.9,291.0
2022-11-15,298.0,302.0,1,287.3666666666667,287.0,291.3666666666667,291.0
2022-11-16,304.0,308.0,1,288.06666666666666,287.0,292.06666666666666,291.0
2022-11-17,303.0,307.0,1,288.6333333333333,287.0,292.6333333333333,291.0
2022-11-18,302.67,306.67,1,289.12233333333336,287.0,293.12233333333336,291.0
2022-11-19,303.0025,307.0025,0,289.65574999999995,287.16666666666663,293.65575,291.16666666666663
2022-11-20,303.33500000000004,307.33500000000004,0,290.20025,287.66666666666663,294.20025,291.66666666666663
2022-11-21,303.6675,307.6675,0,290.7558333333333,288.0,294.7558333333334,292.0
2022-11-22,304.0,308.0,1,291.3225,288.0,295.32250000000005,292.0
2022-11-23,308.0,312.0,1,292.0225,288.0,296.02250000000004,292.0
2022-11-24,315.0,319.0,1,292.88916666666665,288.0,296.8891666666667,292.0
2022-11-25,316.0,320.0,1,293.8225,288.5,297.82250000000005,292.5
2022-11-26,315.3333333333333,319.3333333333333,0,294.76694444444445,289.16666666666663,298.76694444444445,293.16666666666663
2022-11-27,314.6666666666667,318.6666666666667,0,295.6558333333333,289.5,299.65583333333336,293.5
2022-11-28,314.0,318.0,1,296.5447222222222,289.83333333333337,300.5447222222222,293.83333333333337
2022-11-29,311.0,315.0,1,297.3558333333333,294.0,301.35583333333335,298.0
2022-11-30,310.0,314.0,1,298.1558333333333,300.33500000000004,302.15583333333336,304.33500000000004
2022-12-01,309.0,313.0,1,298.92249999999996,302.83500000000004,302.9225,306.83500000000004
2022-12-02,308.0,312.0,1,299.6225,303.00125,303.62250000000006,307.00125
2022-12-03,308.0,312.0,0,300.4558333333333,303.16875000000005,304.4558333333334,307.16875000000005
2022-12-04,308.0,312.0,0,301.22249999999997,303.50125,305.2225,307.50125
2022-12-05,308.0,312.0,1,301.97805555555556,303.83375,305.97805555555556,307.83375
2022-12-06,311.0,315.0,1,302.8225,304.0,306.82250000000005,308.0
2022-12-07,312.0,316.0,1,303.68916666666667,306.0,307.6891666666667,310.0
2022-12-08,311.2,315.2,0,304.49583333333334,308.0,308.49583333333334,312.0
2022-12-09,310.4,314.4,0,305.2425,308.0,309.2425,312.0
2022-12-10,309.6,313.6,0,305.9625,308.0,309.9625,312.0
2022-12-11,308.8,312.8,0,306.6225,308.0,310.62250000000006,312.0
2022-12-12,308.0,312.0,1,307.24472222222226,308.0,311.24472222222226,312.0
2022-12-13,311.0,315.0,1,307.9558333333333,308.4,311.9558333333334,312.4
2022-12-14,316.0,320.0,1,308.8225,308.9,312.82250000000005,312.9
2022-12-15,316.0,320.0,1,309.42249999999996,309.3,313.4225,313.3
2022-12-16,317.0,321.0,1,309.8558333333333,309.8,313.85583333333335,313.8
2022-12-17,318.3333333333333,322.3333333333333,0,310.3669444444444,310.2,314.3669444444444,314.2
2022-12-18,319.6666666666667,323.6666666666667,0,310.9335,310.7,314.93350000000004,314.7
2022-12-19,321.0,325.0,1,311.5334166666667,311.0,315.5334166666667,315.0
2022-12-20,322.0,326.0,1,312.1555833333333,311.0,316.15558333333337,315.0
2022-12-21,321.0,325.0,1,312.73333333333335,311.1,316.73333333333335,315.1
2022-12-22,326.0,330.0,1,313.46666666666664,311.6,317.46666666666664,315.6
2022-12-23,336.0,340.0,1,314.4,313.0,318.4,317.0
2022-12-24,338.0,342.0,0,315.1666666666667,313.0,319.1666666666667,317.0
2022-12-25,340.0,344.0,0,315.96666666666664,313.0,319.96666666666664,317.0
2022-12-26,342.0,346.0,1,316.85555555555555,313.0,320.8555555555556,317.0
2022-12-27,352.0,356.0,1,318.1,313.0,322.1,317.0
2022-12-28,353.0,357.0,1,319.4,314.0,323.4,318.0
2022-12-29,346.0,350.0,1,320.56666666666666,316.0,324.56666666666666,320.0
2022-12-30,342.0,346.0,1,321.6333333333333,316.5,325.6333333333333,320.5
2022-12-31,342.0,346.0,0,322.73333333333335,317.66666666666663,326.73333333333335,321.66666666666663
2023-01-01,342.0,346.0,0,323.8666666666667,319.0,327.8666666666667,323.0
2023-01-02,342.0,346.0,1,325.0,320.33333333333337,329.0,324.33333333333337
2023-01-03,350.0,354.0,1,326.4,321.0,330.4,325.0
2023-01-04,350.0,354.0,1,327.8,321.5,331.8,325.5
2023-01-05,349.0,353.0,1,329.06666666666666,324.0,333.06666666666666,328.0
2023-01-06,350.0,354.0,1,330.3333333333333,331.0,334.3333333333333,335.0
2023-01-07,350.3333333333333,354.3333333333333,0,331.6377777777778,337.0,335.6377777777778,341.0
2023-01-08,350.6666666666667,354.6666666666667,0,332.97999999999996,339.0,336.9800000000001,343.0
2023-01-09,351.0,355.0,1,334.35999999999996,341.0,338.36,345.0
2023-01-10,353.0,357.0,1,335.8333333333333,342.0,339.8333333333333,346.0
2023-01-11,355.0,359.0,1,337.4,342.0,341.4,346.0
2023-01-12,357.0,361.0,1,338.93333333333334,342.0,342.93333333333334,346.0
2023-01-13,365.0,369.0,1,340.56666666666666,342.0,344.56666666666666,346.0
2023-01-14,365.0,369.0,0,342.2,344.0,346.2,348.0
2023-01-15,365.0,369.0,0,343.8,347.5,347.8,351.5
2023-01-16,365.0,369.0,1,345.35555555555555,349.5,349.3555555555556,353.5
2023-01-17,366.0,370.0,1,346.9,350.0,350.9,354.0
2023-01-18,374.0,378.0,1,348.6666666666667,350.0,352.6666666666667,354.0
2023-01-19,373.0,377.0,1,350.3666666666667,350.16666666666663,354.3666666666667,354.16666666666663
2023-01-20,370.0,374.0,1,352.0,350.5,356.0,354.5
2023-01-21,370.6666666666667,374.6666666666667,0,353.48888888888894,350.83333333333337,357.4888888888889,354.83333333333337
2023-01-22,371.3333333333333,375.3333333333333,0,354.6666666666667,351.5,358.6666666666667,355.5
2023-01-23,372.0,376.0,1,355.8,352.5,359.8,356.5
2023-01-24,372.0,376.0,1,356.8666666666667,353.0,360.8666666666667,357.0
2023-01-25,377.0,381.0,1,358.03333333333336,354.0,362.03333333333336,358.0
2023-01-26,379.0,383.0,1,358.93333333333334,356.0,362.93333333333334,360.0
2023-01-27,381.0,385.0,1,359.8666666666667,361.0,363.8666666666667,365.0
2023-01-28,381.3333333333333,385.3333333333333,0,361.0444444444445,365.0,365.0444444444444,369.0
2023-01-29,381.6666666666667,385.6666666666667,0,362.3666666666667,365.0,366.3666666666667,369.0
2023-01-30,382.0,386.0,1,363.7,365.0,367.7,369.0
2023-01-31,379.0,383.0,1,364.93333333333334,365.5,368.93333333333334,369.5
2023-02-01,377.0,381.0,1,366.1,368.0,370.1,372.0
2023-02-02,373.0,377.0,1,366.8666666666667,370.33333333333337,370.8666666666667,374.33333333333337
2023-02-03,374.0,378.0,1,367.6666666666667,371.0,371.6666666666667,375.0
2023-02-04,372.3333333333333,376.3333333333333,0,368.44444444444446,371.66666666666663,372.4444444444444,375.66666666666663
2023-02-05,370.6666666666667,374.6666666666667,0,369.1333333333333,371.66666666666663,373.1333333333333,375.66666666666663
2023-02-06,369.0,373.0,1,369.75555555555553,371.66666666666663,373.7555555555556,375.66666666666663
2023-02-07,373.0,377.0,1,370.5,372.0,374.5,376.0
2023-02-08,375.0,379.0,0,371.3,372.16666666666663,375.3,376.16666666666663
2023-02-09,377.0,381.0,1,372.1,372.66666666666663,376.1,376.66666666666663
2023-02-10,375.0,379.0,1,372.76666666666665,373.0,376.76666666666665,377.0
2023-02-11,374.3333333333333,378.3333333333333,0,373.3444444444445,373.0,377.3444444444444,377.0
2023-02-12,373.6666666666667,377.6666666666667,0,373.6333333333333,373.33333333333337,377.6333333333333,377.33333333333337
2023-02-13,373.0,377.0,1,373.9,373.33333333333337,377.9,377.33333333333337
2023-02-14,375.0,379.0,1,374.23333333333335,373.83333333333337,378.23333333333335,377.83333333333337
2023-02-15,375.0,379.0,1,374.56666666666666,374.0,378.56666666666666,378.0
2023-02-16,374.0,378.0,1,374.8333333333333,374.0,378.8333333333333,378.0
2023-02-17,373.0,377.0,1,374.8,374.0,378.8,378.0
2023-02-18,373.0,377.0,0,374.8,374.0,378.8,378.0
2023-02-19,373.0,377.0,0,374.9,374.0,378.9,378.0
2023-02-20,373.0,377.0,0,374.97777777777776,374.0,378.9777777777778,378.0
2023-02-21,373.0,377.0,0,375.03333333333336,374.0,379.03333333333336,378.0
2023-02-22,373.0,377.0,1,375.06666666666666,374.0,379.06666666666666,378.0
2023-02-23,373.0,377.0,1,375.1,374.0,379.1,378.0
2023-02-24,375.0,379.0,1,375.03333333333336,374.0,379.03333333333336,378.0
2023-02-25,375.0,379.0,0,374.9,374.0,378.9,378.0
2023-02-26,375.0,379.0,0,374.7,374.0,378.7,378.0
2023-02-27,375.0,379.0,1,374.4888888888889,374.0,378.48888888888894,378.0
2023-02-28,373.0,377.0,1,374.2,373.83333333333337,378.2,377.83333333333337
2023-03-01,371.0,375.0,1,373.8333333333333,373.33333333333337,377.8333333333333,377.33333333333337
2023-03-02,371.0,375.0,1,373.56666666666666,373.0,377.56666666666666,377.0
2023-03-03,373.0,377.0,1,373.43333333333334,373.0,377.43333333333334,377.0
2023-03-04,372.3333333333333,376.3333333333333,0,373.41111111111115,373.0,377.4111111111111,377.0
2023-03-05,371.6666666666667,375.6666666666667,0,373.3333333333333,373.0,377.3333333333333,377.0
2023-03-06,371.0,375.0,1,373.2888888888889,373.0,377.28888888888895,377.0
2023-03-07,368.0,372.0,1,373.2,373.0,377.2,377.0
2023-03-08,367.0,371.0,1,373.1333333333333,373.0,377.1333333333333,377.0
2023-03-09,374.0,378.0,1,373.1666666666667,373.0,377.1666666666667,377.0
2023-03-10,369.0,373.0,1,372.96666666666664,373.0,376.96666666666664,377.0
2023-03-11,369.0,373.0,0,372.7,373.0,376.7,377.0
2023-03-12,369.0,373.0,0,372.5,373.0,376.5,377.0
2023-03-13,369.0,373.0,1,372.3222222222222,373.0,376.32222222222225,377.0
2023-03-14,373.0,377.0,1,372.3,373.0,376.3,377.0
2023-03-15,373.0,377.0,1,372.3,373.0,376.3,377.0
2023-03-16,375.0,379.0,1,372.3,373.0,376.3,377.0
2023-03-17,379.0,383.0,1,372.43333333333334,373.0,376.43333333333334,377.0
2023-03-18,379.0,383.0,0,372.6,373.0,376.6,377.0
2023-03-19,379.0,383.0,0,372.8,373.0,376.8,377.0
2023-03-20,379.0,383.0,1,373.0,373.0,377.0,377.0
2023-03-21,382.0,386.0,1,373.3,373.0,377.3,377.0
2023-03-22,390.0,394.0,1,373.8666666666667,373.0,377.8666666666667,377.0
2023-03-23,387.0,391.0,1,374.3333333333333,373.0,378.3333333333333,377.0
2023-03-24,386.5,390.5,0,374.78333333333336,373.0,378.78333333333336,377.0
2023-03-25,386.0,390.0,0,375.21666666666664,373.5,379.21666666666664,377.5
2023-03-26,385.5,389.5,0,375.56666666666666,373.5,379.56666666666666,377.5
2023-03-27,385.0,389.0,1,375.9,373.5,379.9,377.5
2023-03-28,386.0,390.0,1,376.26666666666665,373.5,380.26666666666665,377.5
2023-03-29,393.0,397.0,1,376.8666666666667,373.5,380.8666666666667,377.5
2023-03-30,389.0,393.0,1,377.4,374.5,381.4,378.5
2023-03-31,388.0,393.0,1,377.96666666666664,377.0,382.0,381.0
2023-04-01,389.0,393.6666666666667,0,378.56666666666666,379.0,382.6222222222222,383.0
2023-04-02,390.0,394.3333333333333,0,379.1333333333333,379.0,383.2,383.0
2023-04-03,391.0,395.0,1,379.75555555555553,379.0,383.82222222222225,383.0
2023-04-04,388.0,392.0,1,380.3,380.5,384.3666666666667,384.5
2023-04-05,388.0,392.0,1,380.8666666666667,383.5,384.93333333333334,387.5
2023-04-06,388.0,392.0,0,381.53333333333336,385.25,385.6,389.25
2023-04-07,388.0,392.0,0,382.23333333333335,385.75,386.3,389.75
2023-04-08,388.0,392.0,0,382.7,386.0,386.76666666666665,390.0
2023-04-09,388.0,392.0,0,383.3333333333333,386.25,387.4,390.25
2023-04-10,388.0,392.0,1,383.96666666666664,386.75,388.03333333333336,390.75
2023-04-11,387.0,391.0,1,384.56666666666666,387.0,388.6333333333333,391.0
2023-04-12,390.0,394.0,1,385.26666666666665,387.5,389.3333333333333,391.5
2023-04-13,394.0,398.0,1,385.96666666666664,388.0,390.03333333333336,392.0
2023-04-14,396.0,400.0,1,386.73333333333335,388.0,390.8,392.0
2023-04-15,398.3333333333333,402.6666666666667,0,387.5111111111111,388.0,391.58888888888885,392.0
2023-04-16,400.6666666666667,405.3333333333333,0,388.23333333333335,388.0,392.3333333333333,392.0
2023-04-17,403.0,408.0,1,389.03333333333336,388.0,393.1666666666667,392.0
2023-04-18,413.0,418.0,1,390.1666666666667,388.0,394.3333333333333,392.0
2023-04-19,418.0,423.0,1,391.46666666666664,388.0,395.6666666666667,392.5
2023-04-20,427.0,432.0,1,392.96666666666664,388.5,397.2,393.0
2023-04-21,437.0,442.0,1,394.53333333333336,388.5,398.8,393.0
2023-04-22,443.6666666666667,448.6666666666667,0,396.4222222222223,389.0,400.72222222222223,393.33333333333337
2023-04-23,450.3333333333333,455.3333333333333,0,398.55,389.5,402.8833333333333,393.83333333333337
2023-04-24,457.0,462.0,1,400.9166666666667,390.0,405.28333333333336,394.16666666666663
2023-04-25,490.0,495.0,1,404.4,390.5,408.8,394.66666666666663
2023-04-26,469.0,474.0,1,407.2,392.0,411.6333333333333,396.0
2023-04-27,462.0,467.0,1,409.73333333333335,393.5,414.2,397.5
2023-04-28,462.4,467.4,0,412.0466666666667,395.0,416.5466666666667,399.0
2023-04-29,462.8,467.8,0,414.5066666666667,397.16666666666663,419.03999999999996,401.33333333333337
2023-04-30,463.2,468.2,0,417.0133333333333,399.5,421.5466666666667,404.0
2023-05-01,463.6,468.6,0,419.5,401.83333333333337,424.0444444444445,406.66666666666663
2023-05-02,464.0,469.0,1,421.96666666666664,408.0,426.53333333333336,413.0
2023-05-03,468.0,473.0,1,424.53333333333336,415.5,429.1333333333333,420.5
2023-05-04,464.0,469.0,1,427.06666666666666,422.5,431.7,427.5
2023-05-05,463.0,468.0,1,429.56666666666666,432.0,434.23333333333335,437.0
2023-05-06,463.3333333333333,468.3333333333333,0,432.0777777777778,440.33333333333337,436.7777777777777,445.33333333333337
2023-05-07,463.6666666666667,468.6666666666667,0,434.6,447.0,439.3333333333333,452.0
2023-05-08,464.0,469.0,1,437.1333333333333,453.66666666666663,441.9,458.66666666666663
2023-05-09,465.0,470.0,1,439.7,459.5,444.5,464.5
2023-05-10,466.0,471.0,1,442.3,462.2,447.1333333333333,467.2
2023-05-11,467.0,472.0,1,444.96666666666664,462.6,449.8333333333333,467.6
2023-05-12,470.0,475.0,1,447.6333333333333,462.9,452.53333333333336,467.9
2023-05-13,469.6666666666667,474.6666666666667,0,450.1555555555556,463.1,455.08888888888885,468.1
2023-05-14,469.3333333333333,474.3333333333333,0,452.6,463.26666666666665,457.56666666666666,468.26666666666665
2023-05-15,469.0,474.0,1,454.9555555555555,463.4666666666667,459.94444444444446,468.4666666666667
2023-05-16,478.0,483.0,1,457.53333333333336,463.6333333333333,462.53333333333336,468.6333333333333
2023-05-17,483.0,488.0,1,460.2,463.83333333333337,465.2,468.83333333333337
2023-05-18,482.0,487.0,1,462.5,464.0,467.5,469.0
2023-05-19,483.0,488.0,1,464.6666666666667,464.0,469.6666666666667,469.0
2023-05-20,482.3333333333333,487.3333333333333,0,466.5111111111111,464.5,471.51111111111106,469.5
2023-05-21,481.6666666666667,486.6666666666667,0,468.0,465.5,473.0,470.5
2023-05-22,481.0,486.0,1,469.2444444444444,466.5,474.24444444444447,471.5
2023-05-23,485.0,490.0,1,470.4,467.5,475.4,472.5
2023-05-24,487.0,492.0,1,471.4,468.5,476.4,473.5
2023-05-25,487.2,492.2,0,471.3066666666667,468.5,476.3066666666666,473.5
2023-05-26,487.4,492.4,0,471.92,468.5,476.91999999999996,473.5
2023-05-27,487.6,492.6,0,472.77333333333337,469.16666666666663,477.7733333333333,474.16666666666663
2023-05-28,487.8,492.8,0,473.62,469.5,478.62,474.5
2023-05-29,488.0,493.0,1,474.46,469.83333333333337,479.46000000000004,474.83333333333337
2023-05-30,487.0,492.0,1,475.25333333333333,474.0,480.25333333333333,479.0
2023-05-31,486.5,491.5,1,476.01666666666665,479.5,481.01666666666665,484.5
2023-06-01,485.0,490.0,1,476.71666666666664,481.33333333333337,481.71666666666664,486.33333333333337
2023-06-02,485.0,490.0,1,477.28333333333336,481.83333333333337,482.28333333333336,486.83333333333337
2023-06-03,484.3333333333333,489.3333333333333,0,477.9611111111111,482.16666666666663,482.96111111111105,487.16666666666663
2023-06-04,483.6666666666667,488.6666666666667,0,478.65,482.66666666666663,483.65,487.66666666666663
2023-06-05,483.0,488.0,1,479.30555555555554,483.0,484.3055555555556,488.0
2023-06-06,480.0,485.0,1,479.85,483.0,484.85,488.0
2023-06-07,479.0,484.0,1,480.35,483.0,485.35,488.0
2023-06-08,479.0,484.0,1,480.81666666666666,483.0,485.81666666666666,488.0
2023-06-09,478.0,483.0,1,481.21666666666664,483.0,486.21666666666664,488.0
2023-06-10,478.3333333333333,483.3333333333333,0,481.5944444444445,483.0,486.5944444444444,488.0
2023-06-11,478.6666666666667,483.6666666666667,0,481.8833333333333,483.0,486.8833333333333,488.0
2023-06-12,479.0,484.0,1,482.1944444444444,483.0,487.19444444444446,488.0
2023-06-13,484.0,489.0,1,482.68333333333334,483.0,487.68333333333334,488.0
2023-06-14,491.0,496.0,1,483.4166666666667,483.33333333333337,488.4166666666667,488.33333333333337
2023-06-15,482.0,487.0,1,483.55,483.33333333333337,488.55,488.33333333333337
2023-06-16,487.0,492.0,1,483.68333333333334,483.83333333333337,488.68333333333334,488.83333333333337
2023-06-17,487.0,492.0,0,483.85,484.16666666666663,488.85,489.16666666666663
2023-06-18,487.0,492.0,0,483.98333333333335,484.66666666666663,488.98333333333335,489.66666666666663
2023-06-19,487.0,492.0,0,484.13888888888886,485.0,489.1388888888889,490.0
2023-06-20,487.0,492.0,0,484.31666666666666,485.0,489.31666666666666,490.0
2023-06-21,487.0,492.0,1,484.51666666666665,485.75,489.51666666666665,490.75
2023-06-22,488.0,493.0,1,484.6166666666667,486.75,489.6166666666667,491.75
2023-06-23,490.0,495.0,1,484.71666666666664,486.75,489.71666666666664,491.75
2023-06-24,489.3333333333333,494.3333333333333,0,484.78777777777776,486.75,489.78777777777776,491.75
2023-06-25,488.6666666666667,493.6666666666667,0,484.83,486.75,489.83000000000004,491.75
2023-06-26,488.0,493.0,1,484.8433333333333,486.75,489.84333333333336,491.75
2023-06-27,491.0,496.0,1,484.95,486.75,489.95,491.75
2023-06-28,491.0,496.0,1,485.05,486.75,490.05,491.75
2023-06-29,489.0,494.0,1,485.1166666666667,486.75,490.1166666666667,491.75
2023-06-30,488.67,493.67,1,485.189,487.0,490.189,492.0
2023-07-01,489.11333333333334,494.11333333333334,0,485.3261111111111,487.0,490.3261111111111,492.0
2023-07-02,489.5566666666667,494.5566666666667,0,485.478,487.0,490.478,492.0
2023-07-03,490.0,495.0,1,485.6668888888889,487.0,490.66688888888893,492.0
2023-07-04,488.0,493.0,1,485.8113333333333,487.0,490.8113333333333,492.0
2023-07-05,487.0,492.0,1,485.94466666666665,487.0,490.94466666666665,492.0
2023-07-06,486.0,491.0,1,486.1446666666667,487.0,491.1446666666667,492.0
2023-07-07,487.0,492.0,1,486.41133333333335,487.0,491.41133333333335,492.0
2023-07-08,488.0,493.0,0,486.71133333333336,487.5,491.71133333333336,492.5
2023-07-09,489.0,494.0,0,487.07800000000003,488.0,492.07800000000003,493.0
2023-07-10,490.0,495.0,1,487.4668888888889,488.0,492.46688888888895,493.0
2023-07-11,493.0,498.0,1,487.94466666666665,488.0,492.94466666666665,493.0
2023-07-12,498.0,503.0,1,488.57800000000003,488.33333333333337,493.57800000000003,493.33333333333337
2023-07-13,507.0,512.0,1,489.3446666666667,488.66833333333335,494.3446666666667,493.66833333333335
2023-07-14,518.0,522.0,1,490.24466666666666,488.66833333333335,495.21133333333336,493.66833333333335
2023-07-15,517.0,521.3333333333334,0,491.41133333333335,488.83500000000004,496.35577777777775,493.83500000000004
2023-07-16,516.0,520.6666666666666,0,492.378,489.0,497.3113333333333,494.0
2023-07-17,515.0,520.0,1,493.3113333333333,489.0566666666667,498.24466666666666,494.0566666666667
2023-07-18,515.0,520.0,1,494.24466666666666,489.22333333333336,499.178,494.22333333333336
2023-07-19,520.0,525.0,1,495.3446666666667,489.445,500.278,494.445
2023-07-20,520.0,525.0,1,496.44466666666665,489.7783333333333,501.378,494.7783333333333
2023-07-21,524.0,529.0,1,497.678,490.0,502.61133333333333,495.0
2023-07-22,531.6666666666666,536.6666666666666,0,499.1335555555555,490.0,504.06688888888885,495.0
2023-07-23,539.3333333333334,544.3333333333334,0,500.778,490.5,505.71133333333336,495.5
2023-07-24,547.0,552.0,1,502.7002222222222,491.0,507.6335555555556,496.0
2023-07-25,531.0,536.0,1,504.11133333333333,492.0,509.04466666666667,497.0
2023-07-26,541.0,546.0,1,505.878,495.5,510.8113333333333,500.5
2023-07-27,548.0,553.0,1,507.778,502.5,512.7113333333333,507.5
2023-07-28,546.0,551.0,1,509.61133333333333,511.0,514.5446666666667,516.0
2023-07-29,545.6666666666666,550.6666666666666,0,511.5002222222222,515.0,516.4335555555556,520.0
2023-07-30,545.3333333333334,550.3333333333334,0,513.389,515.5,518.3223333333333,520.3333333333333
2023-07-31,545.0,550.0,1,515.2518888888889,516.5,520.1852222222223,521.0
2023-08-01,555.0,560.0,1,517.4333333333333,517.5,522.3666666666667,521.6666666666667
2023-08-02,555.0,560.0,1,519.6,519.0,524.5333333333333,523.5
2023-08-03,565.0,570.0,1,522.1666666666666,520.0,527.1,525.0
2023-08-04,569.0,574.0,1,524.9,522.0,529.8333333333334,527.0
2023-08-05,576.3333333333334,581.3333333333334,0,527.9111111111112,527.5,532.8444444444444,532.5
2023-08-06,583.6666666666666,588.6666666666666,0,531.1333333333333,531.3333333333333,536.0666666666667,536.3333333333333
2023-08-07,591.0,596.0,1,534.5666666666667,535.5,539.5,540.5
2023-08-08,593.0,598.0,0,538.0333333333333,540.1666666666667,542.9666666666667,545.1666666666667
2023-08-09,595.0,600.0,1,541.5333333333333,543.0,546.4666666666667,548.0
2023-08-10,597.0,602.0,1,545.0,545.1666666666667,549.9333333333333,550.1666666666667
2023-08-11,595.0,605.0,1,548.2333333333333,545.5,553.3333333333334,550.5
2023-08-12,618.3333333333334,631.6666666666666,0,551.9444444444445,545.8333333333333,557.3222222222222,550.8333333333333
2023-08-13,641.6666666666666,658.3333333333334,0,556.0666666666667,546.5,561.8666666666667,551.5
2023-08-14,665.0,685.0,1,561.0,547.5,567.3222222222223,552.5
2023-08-15,720.0,730.0,1,567.8,551.5,574.3,556.5
2023-08-16,770.0,780.0,1,576.3,555.0,582.9666666666667,560.0
2023-08-17,750.0,760.0,1,584.1333333333333,560.0,590.9666666666667,565.0
2023-08-18,710.0,720.0,1,590.4666666666667,567.0,597.4666666666667,572.0
2023-08-19,711.75,721.75,0,596.8583333333333,572.6666666666667,604.025,577.6666666666667
2023-08-20,713.5,723.5,0,603.175,580.0,610.5083333333333,585.0
2023-08-21,715.25,725.25,0,609.2944444444444,587.3333333333333,616.7944444444445,592.3333333333333
2023-08-22,717.0,727.0,1,615.2166666666667,592.0,622.8833333333333,597.0
2023-08-23,725.0,735.0,1,621.15,594.0,628.9833333333333,599.0
2023-08-24,715.0,725.0,1,627.2833333333333,595.0,635.2833333333333,601.0
2023-08-25,720.0,730.0,1,633.25,596.0,641.4166666666666,603.5
2023-08-26,722.6666666666666,732.6666666666666,0,639.0722222222223,607.6666666666667,647.4055555555555,618.3333333333333
2023-08-27,725.3333333333334,735.3333333333334,0,645.05,630.0,653.55,645.0
2023-08-28,728.0,738.0,1,651.1277777777777,653.3333333333333,659.7944444444445,671.6666666666667
2023-08-29,740.0,750.0,1,657.6166666666667,687.5,666.45,702.5
2023-08-30,730.0,740.0,1,663.7833333333333,710.875,672.7833333333333,720.875
2023-08-31,725.0,735.0,1,669.45,712.625,678.6166666666667,722.625
2023-09-01,721.25,731.25,1,674.9916666666667,714.25,684.325,724.25
2023-09-02,720.8333333333334,730.8333333333334,0,680.186111111111,715.125,689.686111111111,725.125
2023-09-03,720.4166666666666,730.4166666666666,0,685.2333333333333,716.125,694.9,726.125
2023-09-04,720.0,730.0,1,690.0222222222222,718.5,699.8555555555556,728.5
2023-09-05,715.0,725.0,1,694.4,718.5,704.4,728.5
2023-09-06,710.0,720.0,1,698.3666666666667,718.5,708.5333333333333,728.5
2023-09-07,710.0,720.0,1,702.2666666666667,718.5,712.6,728.5
2023-09-08,700.0,710.0,1,705.7666666666667,718.5,716.2666666666667,728.5
2023-09-09,702.3333333333334,712.3333333333334,0,709.2777777777777,718.5,719.9444444444445,728.5
2023-09-10,704.6666666666666,714.6666666666666,0,712.9333333333333,718.5,723.6,728.5
2023-09-11,707.0,717.0,1,715.8888888888889,718.5,726.4444444444446,728.5
2023-09-12,720.0,730.0,1,718.5,720.0,728.8333333333334,730.0
2023-09-13,725.0,735.0,1,720.5,720.0,730.5,730.0
2023-09-14,712.0,722.0,1,720.2333333333333,720.0,730.2333333333333,730.0
2023-09-15,720.0,730.0,1,718.5666666666667,720.0,728.5666666666667,730.0
2023-09-16,722.6666666666666,732.6666666666666,0,717.6555555555556,720.0,727.6555555555555,730.0
2023-09-17,725.3333333333334,735.3333333333334,0,718.1666666666666,720.0,728.1666666666666,730.0
2023-09-18,728.0,738.0,1,718.7083333333334,720.0,728.7083333333334,730.0
2023-09-19,730.0,740.0,1,719.2583333333333,720.2083333333333,729.2583333333333,730.2083333333333
2023-09-20,725.0,735.0,1,719.5833333333334,720.625,729.5833333333334,730.625
2023-09-21,735.0,745.0,1,720.1833333333333,721.0416666666667,730.1833333333333,731.0416666666667
2023-09-22,735.0,745.0,1,720.5166666666667,721.0416666666667,730.5166666666667,731.0416666666667
2023-09-23,735.0,745.0,0,721.1833333333333,721.9583333333333,731.1833333333333,731.9583333333333
2023-09-24,735.0,745.0,0,721.6833333333333,722.6666666666666,731.6833333333333,732.6666666666666
2023-09-25,735.0,745.0,1,722.0944444444444,723.8333333333333,732.0944444444445,733.8333333333333
2023-09-26,748.0,758.0,1,722.85,723.8333333333333,732.85,733.8333333333333
2023-09-27,763.0,773.0,1,724.0166666666667,723.8333333333333,734.0166666666667,733.8333333333333
2023-09-28,780.0,790.0,1,725.35,723.8333333333333,735.35,733.8333333333333
2023-09-29,790.0,800.0,1,727.35,723.8333333333333,737.35,733.8333333333333
2023-09-30,790.0,800.0,0,729.5166666666667,723.8333333333333,739.5166666666667,733.8333333333333
2023-10-01,790.0,800.0,0,731.8083333333333,725.0,741.8083333333333,735.0
2023-10-02,790.0,800.0,1,734.1138888888889,725.1666666666667,744.1138888888889,735.1666666666667
2023-10-03,800.0,810.0,1,736.7666666666667,726.6666666666667,746.7666666666667,736.6666666666667
2023-10-04,816.5,826.5,0,739.9833333333333,729.0,749.9833333333333,739.0
2023-10-05,833.0,843.0,1,743.9166666666666,732.5,753.9166666666666,742.5
2023-10-06,870.0,880.0,1,749.25,735.0,759.25,745.0
2023-10-07,891.6666666666666,901.6666666666666,0,755.3055555555555,735.0,765.3055555555554,745.0
2023-10-08,913.3333333333334,923.3333333333334,0,762.4166666666666,735.0,772.4166666666666,745.0
2023-10-09,935.0,945.0,1,770.1722222222222,735.0,780.1722222222222,745.0
2023-10-10,990.0,1010.0,1,779.6833333333333,741.5,790.0166666666667,751.5
2023-10-11,990.0,1010.0,1,789.1166666666667,755.5,799.7833333333333,765.5
2023-10-12,960.0,980.0,1,797.1166666666667,771.5,808.1166666666667,781.5
2023-10-13,961.0,981.0,0,804.9833333333333,785.0,816.3166666666667,795.0
2023-10-14,962.0,982.0,0,813.3166666666667,790.0,824.9833333333333,800.0
2023-10-15,963.0,983.0,0,821.4166666666666,790.0,833.4166666666666,800.0
2023-10-16,964.0,984.0,0,829.4611111111111,790.0,841.7944444444445,800.0
2023-10-17,965.0,985.0,1,837.45,795.0,850.1166666666667,805.0
2023-10-18,885.0,905.0,1,842.6833333333333,808.25,855.6833333333333,818.25
2023-10-19,880.0,900.0,1,847.6833333333333,824.75,861.0166666666667,834.75
2023-10-20,880.0,900.0,1,852.85,851.5,866.5166666666667,861.5
2023-10-21,936.6666666666666,966.6666666666666,0,859.5722222222223,875.0,873.9055555555555,890.0
2023-10-22,993.3333333333334,1033.3333333333333,0,868.1833333333333,880.0,883.5166666666667,900.0
2023-10-23,1050.0,1100.0,1,878.6833333333333,882.5,895.35,900.8333333333333
2023-10-24,1050.0,1100.0,1,889.1833333333333,888.3333333333333,907.1833333333333,903.3333333333333
2023-10-25,950.0,1000.0,1,896.35,902.5,915.6833333333333,914.1666666666667
2023-10-26,930.0,980.0,1,902.4166666666666,921.6666666666667,923.0833333333334,934.1666666666667
2023-10-27,940.0,990.0,1,908.3166666666667,932.5,930.3166666666667,955.8333333333333
2023-10-28,933.3333333333334,983.3333333333334,0,913.4277777777777,934.1666666666667,936.7611111111111,973.3333333333333
2023-10-29,926.6666666666666,976.6666666666666,0,917.9833333333333,934.1666666666667,942.65,978.3333333333333
2023-10-30,920.0,970.0,1,922.3166666666667,934.1666666666667,948.3166666666667,978.3333333333333
2023-10-31,870.0,920.0,1,924.9833333333333,934.1666666666667,952.3166666666667,978.3333333333333
2023-11-01,865.0,915.0,1,927.4833333333333,934.1666666666667,956.15,978.3333333333333
2023-11-02,875.0,925.0,1,929.9833333333333,934.1666666666667,959.9833333333333,978.3333333333333
2023-11-03,875.0,925.0,1,931.9333333333333,934.1666666666667,963.2666666666667,978.3333333333333
2023-11-04,866.25,916.25,0,933.0416666666666,934.1666666666667,965.7083333333334,978.3333333333333
2023-11-05,857.5,907.5,0,932.625,934.1666666666667,966.625,978.3333333333333
2023-11-06,848.75,898.75,0,931.1944444444445,934.1666666666667,966.5277777777778,978.3333333333333
2023-11-07,840.0,890.0,1,928.75,934.1666666666667,965.4166666666666,978.3333333333333
2023-11-08,840.0,890.0,1,925.5833333333334,931.6666666666667,963.5833333333334,978.3333333333333
2023-11-09,900.0,950.0,1,922.5833333333334,928.3333333333333,961.5833333333334,973.3333333333333
2023-11-10,910.0,960.0,1,919.9166666666666,923.3333333333333,959.9166666666666,968.3333333333333
2023-11-11,898.3333333333334,948.3333333333334,0,917.8611111111111,915.0,958.8611111111111,963.3333333333333
2023-11-12,886.6666666666666,936.6666666666666,0,915.3833333333333,905.0,957.3833333333333,955.0
2023-11-13,875.0,925.0,1,912.4833333333333,899.1666666666667,955.4833333333333,949.1666666666667
2023-11-14,875.0,925.0,1,909.55,892.5,953.55,942.5
2023-11-15,920.0,970.0,1,908.0833333333334,892.5,953.0833333333334,942.5
2023-11-16,900.0,950.0,1,905.9166666666666,892.5,951.9166666666666,942.5
2023-11-17,900.0,950.0,1,906.4166666666666,899.1666666666667,953.4166666666666,949.1666666666667
2023-11-18,931.25,981.25,0,908.125,900.0,956.125,950.0
2023-11-19,962.5,1012.5,0,910.875,900.0,959.875,950.0
2023-11-20,993.75,1043.75,0,912.7777777777777,900.0,962.4444444444446,950.0
2023-11-21,1025.0,1075.0,1,913.8333333333334,900.0,963.8333333333334,950.0
2023-11-22,1030.0,1080.0,1,913.1666666666666,900.0,963.1666666666666,950.0
2023-11-23,995.0,1045.0,1,911.3333333333334,900.0,961.3333333333334,950.0
2023-11-24,945.0,995.0,1,911.1666666666666,900.0,961.1666666666666,950.0
2023-11-25,943.3333333333334,993.3333333333334,0,911.6111111111111,900.0,961.6111111111111,950.0
2023-11-26,941.6666666666666,991.6666666666666,0,911.6666666666666,900.0,961.6666666666666,950.0
2023-11-27,940.0,990.0,1,911.8888888888889,900.0,961.8888888888889,950.0
2023-11-28,895.0,945.0,1,910.8333333333334,900.0,960.8333333333334,950.0
2023-11-29,875.0,925.0,1,909.3333333333334,899.1666666666667,959.3333333333334,949.1666666666667
2023-11-30,855.0,905.0,1,908.8333333333334,899.1666666666667,958.8333333333334,949.1666666666667
2023-12-01,905.0,955.0,1,910.1666666666666,900.0,960.1666666666666,950.0
2023-12-02,896.6666666666666,946.6666666666666,0,910.8888888888889,900.0,960.8888888888888,950.0
2023-12-03,888.3333333333334,938.3333333333334,0,911.3333333333334,900.0,961.3333333333334,950.0
2023-12-04,880.0,930.0,1,911.7916666666666,900.0,961.7916666666666,950.0
2023-12-05,860.0,910.0,1,911.875,900.0,961.875,950.0
2023-12-06,905.0,955.0,1,913.75,900.0,963.75,950.0
2023-12-07,940.0,990.0,1,917.0833333333334,902.5,967.0833333333334,952.5
2023-12-08,942.5,992.5,0,920.5,905.0,970.5,955.0
2023-12-09,945.0,995.0,0,922.0,907.5,972.0,957.5
2023-12-10,947.5,997.5,0,923.25,912.5,973.25,962.5
2023-12-11,950.0,1000.0,1,924.9722222222223,925.625,974.9722222222223,975.625
2023-12-12,1020.0,1070.0,1,929.4166666666666,935.625,979.4166666666666,985.625
2023-12-13,1020.0,1070.0,1,934.25,940.0,984.25,990.0
2023-12-14,940.0,990.0,1,936.4166666666666,940.0,986.4166666666666,990.0
2023-12-15,920.0,970.0,1,936.4166666666666,940.0,986.4166666666666,990.0
2023-12-16,925.0,975.0,0,937.25,940.0,987.25,990.0
2023-12-17,930.0,980.0,0,938.25,940.0,988.25,990.0
2023-12-18,935.0,985.0,1,938.375,940.0,988.375,990.0
2023-12-19,945.0,995.0,1,937.7916666666666,940.0,987.7916666666666,990.0
2023-12-20,945.0,995.0,1,936.1666666666666,940.0,986.1666666666666,990.0
2023-12-21,940.0,990.0,1,933.3333333333334,940.0,983.3333333333334,990.0
2023-12-22,945.0,995.0,1,930.5,940.0,980.5,990.0
2023-12-23,945.0,995.0,0,928.8333333333334,940.0,978.8333333333334,990.0
2023-12-24,945.0,995.0,0,928.8333333333334,940.0,978.8333333333334,990.0
2023-12-25,945.0,995.0,0,928.8888888888889,940.0,978.8888888888889,990.0
2023-12-26,945.0,995.0,1,929.0,940.0,979.0,990.0
2023-12-27,950.0,1000.0,1,929.3333333333334,940.0,979.3333333333334,990.0
2023-12-28,950.0,1000.0,1,931.1666666666666,941.25,981.1666666666666,991.25
2023-12-29,975.0,1025.0,1,934.5,943.75,984.5,993.75
2023-12-30,970.0,1020.0,0,938.3333333333334,945.0,988.3333333333334,995.0
2023-12-31,965.0,1015.0,0,940.3333333333334,945.0,990.3333333333334,995.0
2024-01-01,960.0,1010.0,0,942.4444444444445,945.0,992.4444444444446,995.0
2024-01-02,955.0,1005.0,1,944.6666666666666,945.0,994.6666666666666,995.0
2024-01-03,955.0,1005.0,1,947.1666666666666,945.0,997.1666666666666,995.0
2024-01-04,970.0,1020.0,1,950.8333333333334,945.0,1000.8333333333334,995.0
2024-01-05,975.0,1025.0,1,953.1666666666666,945.0,1003.1666666666666,995.0
2024-01-06,983.3333333333334,1033.3333333333333,0,954.6111111111111,946.25,1004.6111111111111,996.25
2024-01-07,991.6666666666666,1041.6666666666667,0,956.25,948.75,1006.25,998.75
2024-01-08,1000.0,1050.0,1,958.0833333333334,950.0,1008.0833333333334,1000.0
2024-01-09,1070.0,1120.0,1,962.1666666666666,950.0,1012.1666666666666,1000.0
2024-01-10,1100.0,1150.0,1,967.1666666666666,952.5,1017.1666666666666,1002.5
2024-01-11,1070.0,1120.0,1,968.8333333333334,952.5,1018.8333333333334,1002.5
2024-01-12,1070.0,1120.0,1,970.5,952.5,1020.5,1002.5
2024-01-13,1073.3333333333333,1123.3333333333333,0,974.9444444444445,955.0,1024.9444444444443,1005.0
2024-01-14,1076.6666666666667,1126.6666666666667,0,980.1666666666666,957.5,1030.1666666666667,1007.5
2024-01-15,1080.0,1130.0,1,985.3333333333334,962.5,1035.3333333333333,1012.5
2024-01-16,1130.0,1180.0,1,992.0,967.5,1042.0,1017.5
2024-01-17,1175.0,1225.0,1,1000.0,970.0,1050.0,1020.0
2024-01-18,1182.5,1232.5,1,1007.9166666666666,972.5,1057.9166666666667,1022.5
2024-01-19,1170.0,1220.0,1,1015.4166666666666,975.0,1065.4166666666667,1025.0
2024-01-20,1175.0,1225.0,0,1023.25,979.1666666666667,1073.25,1029.1666666666665
2024-01-21,1180.0,1230.0,0,1031.0833333333333,987.5,1081.0833333333333,1037.5
2024-01-22,1185.0,1235.0,1,1039.0833333333333,995.8333333333333,1089.0833333333333,1045.8333333333335
2024-01-23,1205.0,1255.0,1,1047.75,1035.0,1097.75,1085.0
2024-01-24,1205.0,1255.0,1,1056.4166666666667,1070.0,1106.4166666666667,1120.0
2024-01-25,1195.0,1245.0,1,1064.75,1070.0,1114.75,1120.0
2024-01-26,1186.67,1236.67,1,1072.6390000000001,1071.6666666666665,1122.639,1121.6666666666665
2024-01-27,1182.78,1232.78,0,1080.3983333333333,1075.0,1130.3983333333333,1125.0
2024-01-28,1178.89,1228.89,0,1087.1946666666668,1078.3333333333335,1137.1946666666665,1128.3333333333335
2024-01-29,1175.0,1225.0,1,1094.028,1090.0,1144.0279999999998,1140.0
2024-01-30,1165.0,1215.0,1,1100.6946666666668,1115.0,1150.6946666666665,1165.0
2024-01-31,1145.0,1195.0,1,1106.8613333333335,1137.5,1156.8613333333333,1187.5
2024-02-01,1165.0,1195.0,1,1113.8613333333335,1155.0,1163.1946666666665,1195.0
2024-02-02,1145.0,1175.0,1,1120.1946666666668,1155.0,1168.8613333333333,1195.0
2024-02-03,1140.0,1170.0,0,1125.8613333333335,1155.0,1173.8613333333333,1195.0
2024-02-04,1135.0,1165.0,0,1131.1946666666668,1155.0,1178.5279999999998,1195.0
2024-02-05,1130.0,1160.0,1,1136.0835555555557,1155.0,1182.750222222222,1195.0
2024-02-06,1115.0,1145.0,1,1140.1946666666668,1155.0,1186.1946666666665,1195.0
2024-02-07,1140.0,1170.0,1,1144.8613333333335,1155.0,1190.1946666666665,1195.0
2024-02-08,1115.0,1145.0,1,1146.3613333333335,1155.0,1191.0279999999998,1195.0
2024-02-09,1115.0,1145.0,1,1146.8613333333335,1155.0,1190.8613333333333,1195.0
2024-02-10,1107.0,1137.0,0,1148.0946666666669,1155.0,1191.4279999999999,1195.0
2024-02-11,1099.0,1129.0,0,1149.0613333333336,1155.0,1191.7279999999998,1195.0
2024-02-12,1091.0,1121.0,0,1149.6502222222223,1155.0,1191.650222222222,1195.0
2024-02-13,1083.0,1113.0,0,1149.8613333333335,1155.0,1191.1946666666665,1195.0
2024-02-14,1075.0,1105.0,1,1149.6946666666668,1155.0,1190.3613333333333,1195.0
2024-02-15,1045.0,1075.0,1,1146.8613333333335,1155.0,1186.8613333333333,1195.0
2024-02-16,1065.0,1095.0,1,1143.1946666666668,1145.0,1182.5279999999998,1185.0
2024-02-17,1066.6666666666667,1100.0,0,1139.3335555555557,1142.5,1178.1113333333333,1172.5
2024-02-18,1068.3333333333333,1105.0,0,1135.9446666666668,1140.0,1174.2779999999998,1170.0
2024-02-19,1070.0,1110.0,1,1132.4446666666668,1137.5,1170.4446666666665,1167.5
2024-02-20,1085.0,1115.0,1,1129.278,1132.5,1166.6113333333333,1162.5
2024-02-21,1085.0,1115.0,1,1125.9446666666668,1122.5,1162.6113333333333,1152.5
2024-02-22,1055.0,1085.0,1,1120.9446666666668,1115.0,1156.9446666666665,1145.0
2024-02-23,1055.0,1085.0,1,1115.9446666666668,1115.0,1151.2779999999998,1145.0
2024-02-24,1053.3333333333333,1083.3333333333333,0,1111.2224444444444,1111.0,1145.889111111111,1141.0
2024-02-25,1051.6666666666667,1081.6666666666667,0,1106.7223333333334,1103.0,1140.7223333333334,1133.0
2024-02-26,1050.0,1080.0,1,1102.2963333333332,1095.0,1135.6296666666667,1125.0
2024-02-27,1045.0,1070.0,1,1097.8333333333333,1088.0,1130.3333333333333,1118.0
2024-02-28,1015.0,1045.0,1,1092.5,1085.0,1124.3333333333333,1115.0
2024-02-29,1003.33,1033.33,1,1087.111,1084.0,1118.2776666666666,1114.0
2024-03-01,995.56,1025.56,1,1082.1296666666667,1079.0,1112.6296666666667,1111.5
2024-03-02,996.7633333333333,1026.7633333333333,0,1076.5217777777777,1072.5,1107.0217777777777,1107.5
2024-03-03,997.9666666666666,1027.9666666666667,0,1071.6206666666667,1069.1666666666665,1102.1206666666665,1105.0
2024-03-04,999.17,1029.17,1,1066.9263333333333,1067.5,1097.4263333333333,1102.5
2024-03-05,982.5,1010.83,1,1061.843,1065.8333333333335,1092.2873333333334,1097.5
2024-03-06,968.75,998.13,1,1056.468,1060.0,1086.8916666666667,1090.0
2024-03-07,955.0,985.0,1,1051.1346666666666,1055.0,1081.5583333333334,1085.0
2024-03-08,958.57,988.57,1,1045.087,1054.1666666666665,1075.5106666666666,1084.1666666666665
2024-03-09,960.4366666666667,990.4366666666667,0,1039.9348888888887,1052.5,1070.3585555555555,1082.5
2024-03-10,962.3033333333333,992.3033333333333,0,1034.845,1050.8333333333335,1065.2686666666666,1080.8333333333335
2024-03-11,964.17,994.17,1,1030.084,1047.5,1060.5076666666666,1077.5
2024-03-12,985.0,1015.0,1,1026.284,1045.0,1056.7076666666667,1072.5
2024-03-13,1004.38,1031.25,1,1023.3966666666668,1030.0,1053.716,1057.5
2024-03-14,1001.0,1031.0,1,1020.6633333333334,1009.69,1050.9826666666665,1039.165
2024-03-15,996.43,1025.0,1,1018.0443333333334,1003.855,1048.316,1032.29
2024-03-16,995.12,1024.1666666666667,0,1016.3816666666667,1002.165,1046.6215555555557,1031.125
2024-03-17,993.81,1023.3333333333334,0,1014.0086666666666,1000.085,1044.2326666666665,1030.085
2024-03-18,992.5,1022.5,1,1011.5364444444443,998.5683333333333,1041.6493333333333,1028.5683333333334
2024-03-19,1000.0,1030.0,1,1009.2586666666666,998.5683333333333,1039.1493333333333,1028.5683333333334
2024-03-20,1003.0,1033.0,1,1007.0253333333333,998.5683333333333,1036.5826666666667,1028.5683333333334
2024-03-21,999.17,1029.17,1,1004.1643333333334,998.5683333333333,1033.7216666666666,1028.5683333333334
2024-03-22,993.33,1020.0,1,1001.1086666666666,997.365,1030.5549999999998,1027.365
2024-03-23,992.22,1020.0,0,999.016,996.5966666666666,1028.3883333333333,1026.1616666666666
2024-03-24,991.11,1020.0,0,996.8863333333334,995.9949999999999,1026.2216666666666,1025.28
2024-03-25,990.0,1020.0,1,994.7752222222223,995.3399999999999,1024.1105555555555,1024.5833333333335
2024-03-26,986.67,1016.67,1,992.6086666666666,994.4649999999999,1021.944,1023.75
2024-03-27,980.0,1010.0,1,990.2753333333333,993.5699999999999,1019.6106666666667,1022.9166666666667
